{
    "uid_0": [
        -1.479359467505669,
        -1.895497044385029,
        -2.0461402601759096,
        -1.7109256402185178
    ],
    "uid_1": [
        -1.8284426855307128,
        -1.714098142408679,
        -0.9893682669649455,
        -1.5766569391907947
    ],
    "uid_2": [
        -1.8398933218386004,
        -1.7896757009107565,
        -1.1370177175666063,
        -1.0218512556903283
    ],
    "uid_3": [
        -1.23224975874512,
        -1.8447858273094768,
        -1.8496517744301924,
        -2.4720755654344186
    ],
    "uid_4": [
        -1.7714737791268318,
        -1.2725603446513774,
        -1.5512094954034525,
        -1.2589442628984848
    ]
}